{"cameraMode":{"drawMode":0,"name":"Shaded","section":"Shading Mode"},"sceneLighting":true,"audioPlay":false,"sceneViewState":{"showFog":false,"showMaterialUpdate":false,"showSkybox":true,"showFlares":false,"showImageEffects":false,"showParticleSystems":false},"in2DMode":false,"pivot":{"x":474.4769287109375,"y":117.81814575195313,"z":-3.7300102710723879},"rotation":{"x":-0.02481021359562874,"y":-0.0022080440539866688,"z":0.0002488910686224699,"w":-0.9997861385345459},"size":449.66204833984377,"orthographic":false}